{"final_davies_bouldin":1.3693442520564594,"num_clusters":15,"_wandb":{"runtime":2},"_runtime":2,"num_noise":207,"_timestamp":1.7840332777418094e+09,"_step":0,"final_silhouette":0.07747412262484392}