{"_step":0,"final_silhouette":0.187285828449476,"final_davies_bouldin":1.438399862903009,"_timestamp":1.784043538058429e+09,"_wandb":{"runtime":3},"_runtime":3}