{"final_davies_bouldin":1.0705594915784724,"_wandb":{"runtime":2},"_runtime":2,"num_clusters":2,"num_noise":12,"_timestamp":1.7840435548495092e+09,"_step":0,"final_silhouette":0.31969130607863505}