{"final_silhouette":0.31969130607863505,"final_davies_bouldin":1.0705594915784724,"num_clusters":2,"num_noise":12,"_timestamp":1.7840336598606317e+09,"_wandb":{"runtime":2},"_runtime":2,"_step":0}