{"num_clusters_k":10,"inertia":1914.4525291375942,"silhouette_score":0.28078309600497,"davies_bouldin_index":1.0240590500195288,"_timestamp":1.78404351747399e+09,"_step":8,"_wandb":{"runtime":12},"_runtime":12}