{"final_silhouette":0.187285828449476,"final_davies_bouldin":1.438399862903009,"_wandb":{"runtime":3},"_runtime":3,"_timestamp":1.7840324148592668e+09,"_step":0}