{"_runtime":5,"final_silhouette":0.319971200057926,"final_davies_bouldin":1.0171634842595059,"_timestamp":1.7840323799389453e+09,"_step":0,"_wandb":{"runtime":5}}