{"_step":0,"_wandb":{"runtime":4},"_runtime":4,"final_silhouette":0.319971200057926,"final_davies_bouldin":1.0171634842595059,"_timestamp":1.7840435273926492e+09}