{
  "0": 1.582706392961186,
  "1": 1.3364085470343,
  "2": 1.369976145207402,
  "3": 1.633674826764579
}