{
  "0": 1.5827063929611853,
  "1": 1.336408547034301,
  "2": 1.3699761452074022,
  "3": 1.633674826764583
}